"Series";"Time";"Value"
"cpu_usage_total.RAP";"2018-11-28T16:47:16+02:00";0.089
"cpu_usage_total.RAP";"2018-11-28T16:47:17+02:00";0.073
"cpu_usage_total.RAP";"2018-11-28T16:47:18+02:00";0.079
"cpu_usage_total.RAP";"2018-11-28T16:47:20+02:00";0.088
"cpu_usage_total.RAP";"2018-11-28T16:47:22+02:00";0.094
"cpu_usage_total.RAP";"2018-11-28T16:47:23+02:00";0.101
"cpu_usage_total.RAP";"2018-11-28T16:47:25+02:00";0.104
"cpu_usage_total.RAP";"2018-11-28T16:47:26+02:00";0.069
"cpu_usage_total.RAP";"2018-11-28T16:47:28+02:00";0.082
"cpu_usage_total.RAP";"2018-11-28T16:47:30+02:00";0.077
"cpu_usage_total.RAP";"2018-11-28T16:47:31+02:00";0.316
"cpu_usage_total.RAP";"2018-11-28T16:47:33+02:00";0.241
"cpu_usage_total.RAP";"2018-11-28T16:47:34+02:00";0.105
"cpu_usage_total.RAP";"2018-11-28T16:47:36+02:00";0.081
"cpu_usage_total.RAP";"2018-11-28T16:47:37+02:00";0.08
"cpu_usage_total.RAP";"2018-11-28T16:47:38+02:00";0.087
"cpu_usage_total.RAP";"2018-11-28T16:47:39+02:00";0.075
"cpu_usage_total.RAP";"2018-11-28T16:47:41+02:00";0.087
"cpu_usage_total.RAP";"2018-11-28T16:47:42+02:00";0.106
"cpu_usage_total.RAP";"2018-11-28T16:47:43+02:00";0.085
"cpu_usage_total.RAP";"2018-11-28T16:47:45+02:00";0.109
"cpu_usage_total.RAP";"2018-11-28T16:47:46+02:00";0.086
"cpu_usage_total.RAP";"2018-11-28T16:47:48+02:00";0.083
"cpu_usage_total.RAP";"2018-11-28T16:47:50+02:00";0.073
"cpu_usage_total.RAP";"2018-11-28T16:47:51+02:00";0.1
"cpu_usage_total.RAP";"2018-11-28T16:47:52+02:00";0.074
"cpu_usage_total.RAP";"2018-11-28T16:47:54+02:00";0.103
"cpu_usage_total.RAP";"2018-11-28T16:47:56+02:00";0.127
"cpu_usage_total.RAP";"2018-11-28T16:47:57+02:00";0.082
"cpu_usage_total.RAP";"2018-11-28T16:47:58+02:00";0.078
"cpu_usage_total.RAP";"2018-11-28T16:48:00+02:00";0.085
"cpu_usage_total.RAP";"2018-11-28T16:48:02+02:00";0.108
"cpu_usage_total.RAP";"2018-11-28T16:48:04+02:00";0.089
"cpu_usage_total.RAP";"2018-11-28T16:48:05+02:00";0.109
"cpu_usage_total.RAP";"2018-11-28T16:48:07+02:00";0.082
"cpu_usage_total.RAP";"2018-11-28T16:48:09+02:00";0.071
"cpu_usage_total.RAP";"2018-11-28T16:48:10+02:00";0.067
"cpu_usage_total.RAP";"2018-11-28T16:48:11+02:00";0.107
"cpu_usage_total.RAP";"2018-11-28T16:48:13+02:00";0.082
"cpu_usage_total.RAP";"2018-11-28T16:48:14+02:00";0.091
"cpu_usage_total.RAP";"2018-11-28T16:48:16+02:00";0.098
"cpu_usage_total.RAP";"2018-11-28T16:48:17+02:00";0.068
"cpu_usage_total.RAP";"2018-11-28T16:48:19+02:00";0.064
"cpu_usage_total.RAP";"2018-11-28T16:48:21+02:00";0.075
"cpu_usage_total.RAP";"2018-11-28T16:48:23+02:00";0.085
"cpu_usage_total.RAP";"2018-11-28T16:48:24+02:00";0.093
"cpu_usage_total.RAP";"2018-11-28T16:48:25+02:00";0.121
"cpu_usage_total.RAP";"2018-11-28T16:48:27+02:00";0.074
"cpu_usage_total.RAP";"2018-11-28T16:48:28+02:00";0.087
"cpu_usage_total.RAP";"2018-11-28T16:48:30+02:00";0.081
"cpu_usage_total.RAP";"2018-11-28T16:48:31+02:00";0.101
"cpu_usage_total.RAP";"2018-11-28T16:48:33+02:00";0.066
"cpu_usage_total.RAP";"2018-11-28T16:48:34+02:00";0.094
"cpu_usage_total.RAP";"2018-11-28T16:48:35+02:00";0.112
"cpu_usage_total.RAP";"2018-11-28T16:48:37+02:00";0.079
"cpu_usage_total.RAP";"2018-11-28T16:48:38+02:00";0.078
"cpu_usage_total.RAP";"2018-11-28T16:48:40+02:00";0.064
"cpu_usage_total.RAP";"2018-11-28T16:48:41+02:00";0.106
"cpu_usage_total.RAP";"2018-11-28T16:48:43+02:00";0.068
"cpu_usage_total.RAP";"2018-11-28T16:48:44+02:00";0.13
"cpu_usage_total.RAP";"2018-11-28T16:48:46+02:00";0.068
"cpu_usage_total.RAP";"2018-11-28T16:48:48+02:00";0.07
"cpu_usage_total.RAP";"2018-11-28T16:48:50+02:00";0.069
"cpu_usage_total.RAP";"2018-11-28T16:48:51+02:00";0.086
"cpu_usage_total.RAP";"2018-11-28T16:48:53+02:00";0.091
"cpu_usage_total.RAP";"2018-11-28T16:48:54+02:00";0.112
"cpu_usage_total.RAP";"2018-11-28T16:48:55+02:00";0.119
"cpu_usage_total.RAP";"2018-11-28T16:48:57+02:00";0.101
"cpu_usage_total.RAP";"2018-11-28T16:48:59+02:00";0.075
"cpu_usage_total.RAP";"2018-11-28T16:49:00+02:00";0.079
"cpu_usage_total.RAP";"2018-11-28T16:49:01+02:00";0.098
"cpu_usage_total.RAP";"2018-11-28T16:49:03+02:00";0.085
"cpu_usage_total.RAP";"2018-11-28T16:49:05+02:00";0.107
"cpu_usage_total.RAP";"2018-11-28T16:49:06+02:00";0.093
"cpu_usage_total.RAP";"2018-11-28T16:49:08+02:00";0.076
"cpu_usage_total.RAP";"2018-11-28T16:49:10+02:00";0.069
"cpu_usage_total.RAP";"2018-11-28T16:49:11+02:00";0.108
"cpu_usage_total.RAP";"2018-11-28T16:49:13+02:00";0.085
"cpu_usage_total.RAP";"2018-11-28T16:49:14+02:00";0.103
"cpu_usage_total.RAP";"2018-11-28T16:49:16+02:00";0.076
"cpu_usage_total.RAP";"2018-11-28T16:49:17+02:00";0.072
"cpu_usage_total.RAP";"2018-11-28T16:49:19+02:00";0.062
"cpu_usage_total.RAP";"2018-11-28T16:49:21+02:00";0.077
"cpu_usage_total.RAP";"2018-11-28T16:49:23+02:00";0.096
"cpu_usage_total.RAP";"2018-11-28T16:49:24+02:00";0.147
"cpu_usage_total.RAP";"2018-11-28T16:49:26+02:00";0.1
"cpu_usage_total.RAP";"2018-11-28T16:49:27+02:00";0.075
"cpu_usage_total.RAP";"2018-11-28T16:49:28+02:00";0.086
"cpu_usage_total.RAP";"2018-11-28T16:49:29+02:00";6.295
"cpu_usage_total.RAP";"2018-11-28T16:49:31+02:00";0.112
"cpu_usage_total.RAP";"2018-11-28T16:49:32+02:00";0.139
"cpu_usage_total.RAP";"2018-11-28T16:49:34+02:00";0.144
"cpu_usage_total.RAP";"2018-11-28T16:49:36+02:00";0.125
"cpu_usage_total.RAP";"2018-11-28T16:49:37+02:00";0.083
"cpu_usage_total.RAP";"2018-11-28T16:49:38+02:00";0.09
"cpu_usage_total.RAP";"2018-11-28T16:49:40+02:00";0.098
"cpu_usage_total.RAP";"2018-11-28T16:49:41+02:00";0.113
"cpu_usage_total.RAP";"2018-11-28T16:49:43+02:00";36.681
"cpu_usage_total.RAP";"2018-11-28T16:49:45+02:00";45.306
"cpu_usage_total.RAP";"2018-11-28T16:49:46+02:00";50.212
"cpu_usage_total.RAP";"2018-11-28T16:49:48+02:00";47.678
"cpu_usage_total.RAP";"2018-11-28T16:49:49+02:00";40.75
"cpu_usage_total.RAP";"2018-11-28T16:49:51+02:00";38.507
"cpu_usage_total.RAP";"2018-11-28T16:49:52+02:00";27.974
"cpu_usage_total.RAP";"2018-11-28T16:49:53+02:00";35.651
"cpu_usage_total.RAP";"2018-11-28T16:49:55+02:00";32.426
"cpu_usage_total.RAP";"2018-11-28T16:49:56+02:00";37.022
"cpu_usage_total.RAP";"2018-11-28T16:49:58+02:00";54.027
"cpu_usage_total.RAP";"2018-11-28T16:49:59+02:00";47.788
"cpu_usage_total.RAP";"2018-11-28T16:50:01+02:00";41.937
"cpu_usage_total.RAP";"2018-11-28T16:50:03+02:00";37.279
"cpu_usage_total.RAP";"2018-11-28T16:50:04+02:00";51.514
"cpu_usage_total.RAP";"2018-11-28T16:50:05+02:00";41.049
"cpu_usage_total.RAP";"2018-11-28T16:50:07+02:00";53.91
"cpu_usage_total.RAP";"2018-11-28T16:50:08+02:00";32.3
"cpu_usage_total.RAP";"2018-11-28T16:50:10+02:00";29.216
"cpu_usage_total.RAP";"2018-11-28T16:50:11+02:00";45.711
"cpu_usage_total.RAP";"2018-11-28T16:50:13+02:00";36.987
"cpu_usage_total.RAP";"2018-11-28T16:50:14+02:00";50.846
"cpu_usage_total.RAP";"2018-11-28T16:50:15+02:00";87.125
"cpu_usage_total.RAP";"2018-11-28T16:50:17+02:00";6.597
"cpu_usage_total.RAP";"2018-11-28T16:50:19+02:00";0.13
"cpu_usage_total.RAP";"2018-11-28T16:50:20+02:00";0.148
"cpu_usage_total.RAP";"2018-11-28T16:50:22+02:00";0.12
"cpu_usage_total.RAP";"2018-11-28T16:50:23+02:00";0.082
"cpu_usage_total.RAP";"2018-11-28T16:50:24+02:00";0.139
"cpu_usage_total.RAP";"2018-11-28T16:50:26+02:00";0.087
"cpu_usage_total.RAP";"2018-11-28T16:50:27+02:00";0.074
"cpu_usage_total.RAP";"2018-11-28T16:50:29+02:00";0.112
"cpu_usage_total.RAP";"2018-11-28T16:50:30+02:00";10.913
"cpu_usage_total.RAP";"2018-11-28T16:50:31+02:00";41.092
"cpu_usage_total.RAP";"2018-11-28T16:50:32+02:00";32.617
"cpu_usage_total.RAP";"2018-11-28T16:50:34+02:00";29.288
"cpu_usage_total.RAP";"2018-11-28T16:50:35+02:00";34.171
"cpu_usage_total.RAP";"2018-11-28T16:50:37+02:00";50.215
"cpu_usage_total.RAP";"2018-11-28T16:50:39+02:00";36.315
"cpu_usage_total.RAP";"2018-11-28T16:50:40+02:00";32.98
"cpu_usage_total.RAP";"2018-11-28T16:50:42+02:00";42.736
"cpu_usage_total.RAP";"2018-11-28T16:50:43+02:00";22.877
"cpu_usage_total.RAP";"2018-11-28T16:50:45+02:00";23.357
"cpu_usage_total.RAP";"2018-11-28T16:50:46+02:00";43.395
"cpu_usage_total.RAP";"2018-11-28T16:50:47+02:00";43.605
"cpu_usage_total.RAP";"2018-11-28T16:50:49+02:00";24.223
"cpu_usage_total.RAP";"2018-11-28T16:50:50+02:00";29.549
"cpu_usage_total.RAP";"2018-11-28T16:50:51+02:00";41.358
"cpu_usage_total.RAP";"2018-11-28T16:50:53+02:00";29.122
"cpu_usage_total.RAP";"2018-11-28T16:50:55+02:00";23.204
"cpu_usage_total.RAP";"2018-11-28T16:50:56+02:00";29.179
"cpu_usage_total.RAP";"2018-11-28T16:50:58+02:00";39.119
"cpu_usage_total.RAP";"2018-11-28T16:50:59+02:00";26.654
"cpu_usage_total.RAP";"2018-11-28T16:51:01+02:00";19.954
"cpu_usage_total.RAP";"2018-11-28T16:51:02+02:00";23.672
"cpu_usage_total.RAP";"2018-11-28T16:51:04+02:00";39.613
"cpu_usage_total.RAP";"2018-11-28T16:51:06+02:00";40.536
"cpu_usage_total.RAP";"2018-11-28T16:51:07+02:00";41.587
"cpu_usage_total.RAP";"2018-11-28T16:51:09+02:00";49.816
"cpu_usage_total.RAP";"2018-11-28T16:51:11+02:00";43.323
"cpu_usage_total.RAP";"2018-11-28T16:51:12+02:00";26.848
"cpu_usage_total.RAP";"2018-11-28T16:51:14+02:00";36.828
"cpu_usage_total.RAP";"2018-11-28T16:51:16+02:00";30.342
"cpu_usage_total.RAP";"2018-11-28T16:51:17+02:00";23.745
"cpu_usage_total.RAP";"2018-11-28T16:51:19+02:00";42.292
"cpu_usage_total.RAP";"2018-11-28T16:51:21+02:00";42.502
"cpu_usage_total.RAP";"2018-11-28T16:51:22+02:00";12.671
"cpu_usage_total.RAP";"2018-11-28T16:51:24+02:00";0.11
"cpu_usage_total.RAP";"2018-11-28T16:51:26+02:00";0.132
"cpu_usage_total.RAP";"2018-11-28T16:51:27+02:00";0.089
"cpu_usage_total.RAP";"2018-11-28T16:51:29+02:00";0.071
"cpu_usage_total.RAP";"2018-11-28T16:51:31+02:00";0.073
"cpu_usage_total.RAP";"2018-11-28T16:51:32+02:00";0.092
"cpu_usage_total.RAP";"2018-11-28T16:51:33+02:00";0.093
"cpu_usage_total.RAP";"2018-11-28T16:51:35+02:00";0.102
"cpu_usage_total.RAP";"2018-11-28T16:51:37+02:00";0.096
"cpu_usage_total.RAP";"2018-11-28T16:51:38+02:00";0.099
"cpu_usage_total.RAP";"2018-11-28T16:51:40+02:00";0.083
"cpu_usage_total.RAP";"2018-11-28T16:51:41+02:00";0.082
"cpu_usage_total.RAP";"2018-11-28T16:51:42+02:00";8.394
"cpu_usage_total.RAP";"2018-11-28T16:51:44+02:00";27.119
"cpu_usage_total.RAP";"2018-11-28T16:51:45+02:00";40.942
"cpu_usage_total.RAP";"2018-11-28T16:51:46+02:00";45.617
"cpu_usage_total.RAP";"2018-11-28T16:51:48+02:00";47.909
"cpu_usage_total.RAP";"2018-11-28T16:51:49+02:00";30.444
"cpu_usage_total.RAP";"2018-11-28T16:51:51+02:00";30.699
"cpu_usage_total.RAP";"2018-11-28T16:51:52+02:00";33.008
"cpu_usage_total.RAP";"2018-11-28T16:51:53+02:00";28.502
"cpu_usage_total.RAP";"2018-11-28T16:51:55+02:00";55.947
"cpu_usage_total.RAP";"2018-11-28T16:51:56+02:00";45.146
"cpu_usage_total.RAP";"2018-11-28T16:51:58+02:00";33.351
"cpu_usage_total.RAP";"2018-11-28T16:52:00+02:00";49.761
"cpu_usage_total.RAP";"2018-11-28T16:52:01+02:00";60.848
"cpu_usage_total.RAP";"2018-11-28T16:52:03+02:00";27.034
"cpu_usage_total.RAP";"2018-11-28T16:52:04+02:00";29.051
"cpu_usage_total.RAP";"2018-11-28T16:52:06+02:00";38.746
"cpu_usage_total.RAP";"2018-11-28T16:52:07+02:00";34.253
"cpu_usage_total.RAP";"2018-11-28T16:52:08+02:00";73.077
"cpu_usage_total.RAP";"2018-11-28T16:52:10+02:00";43.754
"cpu_usage_total.RAP";"2018-11-28T16:52:11+02:00";26.75
"cpu_usage_total.RAP";"2018-11-28T16:52:13+02:00";23.739
"cpu_usage_total.RAP";"2018-11-28T16:52:14+02:00";31.538
"cpu_usage_total.RAP";"2018-11-28T16:52:15+02:00";54.849
"cpu_usage_total.RAP";"2018-11-28T16:52:17+02:00";56.331
"cpu_usage_total.RAP";"2018-11-28T16:52:19+02:00";43.665
"cpu_usage_total.RAP";"2018-11-28T16:52:20+02:00";20.958
"cpu_usage_total.RAP";"2018-11-28T16:52:21+02:00";42.599
"cpu_usage_total.RAP";"2018-11-28T16:52:23+02:00";29.84
"cpu_usage_total.RAP";"2018-11-28T16:52:24+02:00";28.055
"cpu_usage_total.RAP";"2018-11-28T16:52:26+02:00";46.375
"cpu_usage_total.RAP";"2018-11-28T16:52:27+02:00";39.009
"cpu_usage_total.RAP";"2018-11-28T16:52:29+02:00";43.664
"cpu_usage_total.RAP";"2018-11-28T16:52:30+02:00";40.505
"cpu_usage_total.RAP";"2018-11-28T16:52:32+02:00";37.081
"cpu_usage_total.RAP";"2018-11-28T16:52:33+02:00";26.679
"cpu_usage_total.RAP";"2018-11-28T16:52:34+02:00";35.381
"cpu_usage_total.RAP";"2018-11-28T16:52:36+02:00";41.593
"cpu_usage_total.RAP";"2018-11-28T16:52:37+02:00";65.504
"cpu_usage_total.RAP";"2018-11-28T16:52:38+02:00";47.157
"cpu_usage_total.RAP";"2018-11-28T16:52:40+02:00";38.542
"cpu_usage_total.RAP";"2018-11-28T16:52:41+02:00";37.111
"cpu_usage_total.RAP";"2018-11-28T16:52:42+02:00";35.002
"cpu_usage_total.RAP";"2018-11-28T16:52:44+02:00";77.329
"cpu_usage_total.RAP";"2018-11-28T16:52:45+02:00";45.239
"cpu_usage_total.RAP";"2018-11-28T16:52:46+02:00";43.102
"cpu_usage_total.RAP";"2018-11-28T16:52:48+02:00";35.678
"cpu_usage_total.RAP";"2018-11-28T16:52:50+02:00";44.054
"cpu_usage_total.RAP";"2018-11-28T16:52:52+02:00";60.309
"cpu_usage_total.RAP";"2018-11-28T16:52:53+02:00";26.286
"cpu_usage_total.RAP";"2018-11-28T16:52:55+02:00";9.331
"cpu_usage_total.RAP";"2018-11-28T16:52:56+02:00";0.148
"cpu_usage_total.RAP";"2018-11-28T16:52:57+02:00";0.108
"cpu_usage_total.RAP";"2018-11-28T16:52:59+02:00";0.076
"cpu_usage_total.RAP";"2018-11-28T16:53:00+02:00";0.084
"cpu_usage_total.RAP";"2018-11-28T16:53:02+02:00";0.089
"cpu_usage_total.RAP";"2018-11-28T16:53:04+02:00";0.089
"cpu_usage_total.RAP";"2018-11-28T16:53:06+02:00";0.108
"cpu_usage_total.RAP";"2018-11-28T16:53:07+02:00";0.077
"cpu_usage_total.RAP";"2018-11-28T16:53:09+02:00";0.092
"cpu_usage_total.RAP";"2018-11-28T16:53:11+02:00";0.075
"cpu_usage_total.RAP";"2018-11-28T16:53:12+02:00";0.087
"cpu_usage_total.RAP";"2018-11-28T16:53:14+02:00";8.74
"cpu_usage_total.RAP";"2018-11-28T16:53:15+02:00";22.607
"cpu_usage_total.RAP";"2018-11-28T16:53:17+02:00";36.281
"cpu_usage_total.RAP";"2018-11-28T16:53:18+02:00";76.607
"cpu_usage_total.RAP";"2018-11-28T16:53:20+02:00";72.013
"cpu_usage_total.RAP";"2018-11-28T16:53:21+02:00";43.729
"cpu_usage_total.RAP";"2018-11-28T16:53:23+02:00";30.166
"cpu_usage_total.RAP";"2018-11-28T16:53:24+02:00";29.268
"cpu_usage_total.RAP";"2018-11-28T16:53:25+02:00";6.42
"cpu_usage_total.RAP";"2018-11-28T16:53:27+02:00";40.95
"cpu_usage_total.RAP";"2018-11-28T16:53:28+02:00";41.23
"cpu_usage_total.RAP";"2018-11-28T16:53:29+02:00";60.334
"cpu_usage_total.RAP";"2018-11-28T16:53:31+02:00";77.693
"cpu_usage_total.RAP";"2018-11-28T16:53:33+02:00";31.414
"cpu_usage_total.RAP";"2018-11-28T16:53:35+02:00";28.954
"cpu_usage_total.RAP";"2018-11-28T16:53:36+02:00";39.688
"cpu_usage_total.RAP";"2018-11-28T16:53:38+02:00";42.283
"cpu_usage_total.RAP";"2018-11-28T16:53:40+02:00";74.396
"cpu_usage_total.RAP";"2018-11-28T16:53:41+02:00";59.187
"cpu_usage_total.RAP";"2018-11-28T16:53:43+02:00";26.779
"cpu_usage_total.RAP";"2018-11-28T16:53:45+02:00";40.362
"cpu_usage_total.RAP";"2018-11-28T16:53:46+02:00";23.225
"cpu_usage_total.RAP";"2018-11-28T16:53:47+02:00";40.26
"cpu_usage_total.RAP";"2018-11-28T16:53:49+02:00";69.059
"cpu_usage_total.RAP";"2018-11-28T16:53:50+02:00";61.427
"cpu_usage_total.RAP";"2018-11-28T16:53:52+02:00";36.436
"cpu_usage_total.RAP";"2018-11-28T16:53:54+02:00";33.921
"cpu_usage_total.RAP";"2018-11-28T16:53:55+02:00";45.278
"cpu_usage_total.RAP";"2018-11-28T16:53:57+02:00";30.688
"cpu_usage_total.RAP";"2018-11-28T16:53:59+02:00";58.987
"cpu_usage_total.RAP";"2018-11-28T16:54:00+02:00";51.964
"cpu_usage_total.RAP";"2018-11-28T16:54:02+02:00";39.641
"cpu_usage_total.RAP";"2018-11-28T16:54:04+02:00";0.374
"cpu_usage_total.RAP";"2018-11-28T16:54:06+02:00";0.113
"cpu_usage_total.RAP";"2018-11-28T16:54:07+02:00";0.107
"cpu_usage_total.RAP";"2018-11-28T16:54:09+02:00";38.937
"cpu_usage_total.RAP";"2018-11-28T16:54:10+02:00";42.498
"cpu_usage_total.RAP";"2018-11-28T16:54:11+02:00";34.868
"cpu_usage_total.RAP";"2018-11-28T16:54:13+02:00";20.701
"cpu_usage_total.RAP";"2018-11-28T16:54:14+02:00";38.828
"cpu_usage_total.RAP";"2018-11-28T16:54:16+02:00";68.552
"cpu_usage_total.RAP";"2018-11-28T16:54:18+02:00";41.626
"cpu_usage_total.RAP";"2018-11-28T16:54:19+02:00";35.497
"cpu_usage_total.RAP";"2018-11-28T16:54:20+02:00";28.481
"cpu_usage_total.RAP";"2018-11-28T16:54:22+02:00";28.587
"cpu_usage_total.RAP";"2018-11-28T16:54:24+02:00";47.307
"cpu_usage_total.RAP";"2018-11-28T16:54:26+02:00";52.538
"cpu_usage_total.RAP";"2018-11-28T16:54:27+02:00";45.879
"cpu_usage_total.RAP";"2018-11-28T16:54:29+02:00";37.804
"cpu_usage_total.RAP";"2018-11-28T16:54:30+02:00";30.595
"cpu_usage_total.RAP";"2018-11-28T16:54:31+02:00";12.532
"cpu_usage_total.RAP";"2018-11-28T16:54:33+02:00";28.434
"cpu_usage_total.RAP";"2018-11-28T16:54:35+02:00";65.324
"cpu_usage_total.RAP";"2018-11-28T16:54:36+02:00";63.676
"cpu_usage_total.RAP";"2018-11-28T16:54:38+02:00";44.071
"cpu_usage_total.RAP";"2018-11-28T16:54:40+02:00";37.795
"cpu_usage_total.RAP";"2018-11-28T16:54:41+02:00";38.441
"cpu_usage_total.RAP";"2018-11-28T16:54:43+02:00";34.754
"cpu_usage_total.RAP";"2018-11-28T16:54:45+02:00";67.475
"cpu_usage_total.RAP";"2018-11-28T16:54:46+02:00";43.798
"cpu_usage_total.RAP";"2018-11-28T16:54:48+02:00";34.484
"cpu_usage_total.RAP";"2018-11-28T16:54:49+02:00";22.82
"cpu_usage_total.RAP";"2018-11-28T16:54:50+02:00";4.548
"cpu_usage_total.RAP";"2018-11-28T16:54:52+02:00";36.886
"cpu_usage_total.RAP";"2018-11-28T16:54:53+02:00";42.859
"cpu_usage_total.RAP";"2018-11-28T16:54:55+02:00";62.401
"cpu_usage_total.RAP";"2018-11-28T16:54:56+02:00";69.78
"cpu_usage_total.RAP";"2018-11-28T16:54:57+02:00";45.293
"cpu_usage_total.RAP";"2018-11-28T16:54:59+02:00";28.802
"cpu_usage_total.RAP";"2018-11-28T16:55:00+02:00";0.186
"cpu_usage_total.RAP";"2018-11-28T16:55:02+02:00";0.113
"cpu_usage_total.RAP";"2018-11-28T16:55:03+02:00";0.11
"cpu_usage_total.RAP";"2018-11-28T16:55:05+02:00";0.136
"cpu_usage_total.RAP";"2018-11-28T16:55:06+02:00";0.105
"cpu_usage_total.RAP";"2018-11-28T16:55:08+02:00";0.08
"cpu_usage_total.RAP";"2018-11-28T16:55:09+02:00";0.102
"cpu_usage_total.RAP";"2018-11-28T16:55:10+02:00";0.334
"cpu_usage_total.RAP";"2018-11-28T16:55:11+02:00";0.314
"cpu_usage_total.RAP";"2018-11-28T16:55:13+02:00";0.09
"cpu_usage_total.RAP";"2018-11-28T16:55:14+02:00";0.125
"cpu_usage_total.RAP";"2018-11-28T16:55:16+02:00";0.097
"cpu_usage_total.RAP";"2018-11-28T16:55:17+02:00";0.08
"cpu_usage_total.RAP";"2018-11-28T16:55:19+02:00";12.819
"cpu_usage_total.RAP";"2018-11-28T16:55:20+02:00";19.237
"cpu_usage_total.RAP";"2018-11-28T16:55:21+02:00";27.315
"cpu_usage_total.RAP";"2018-11-28T16:55:23+02:00";28.136
"cpu_usage_total.RAP";"2018-11-28T16:55:25+02:00";58.016
"cpu_usage_total.RAP";"2018-11-28T16:55:26+02:00";77.119
"cpu_usage_total.RAP";"2018-11-28T16:55:27+02:00";74.017
"cpu_usage_total.RAP";"2018-11-28T16:55:29+02:00";42.365
"cpu_usage_total.RAP";"2018-11-28T16:55:31+02:00";29.648
"cpu_usage_total.RAP";"2018-11-28T16:55:33+02:00";4.887
"cpu_usage_total.RAP";"2018-11-28T16:55:34+02:00";23.775
"cpu_usage_total.RAP";"2018-11-28T16:55:36+02:00";13.326
"cpu_usage_total.RAP";"2018-11-28T16:55:37+02:00";40.826
"cpu_usage_total.RAP";"2018-11-28T16:55:38+02:00";61.792
"cpu_usage_total.RAP";"2018-11-28T16:55:39+02:00";83.229
"cpu_usage_total.RAP";"2018-11-28T16:55:40+02:00";69.003
"cpu_usage_total.RAP";"2018-11-28T16:55:42+02:00";43.501
"cpu_usage_total.RAP";"2018-11-28T16:55:43+02:00";29.074
"cpu_usage_total.RAP";"2018-11-28T16:55:44+02:00";36.676
"cpu_usage_total.RAP";"2018-11-28T16:55:46+02:00";16.625
"cpu_usage_total.RAP";"2018-11-28T16:55:47+02:00";42.504
"cpu_usage_total.RAP";"2018-11-28T16:55:48+02:00";33.059
"cpu_usage_total.RAP";"2018-11-28T16:55:50+02:00";62.887
"cpu_usage_total.RAP";"2018-11-28T16:55:51+02:00";70.24
"cpu_usage_total.RAP";"2018-11-28T16:55:53+02:00";24.626
"cpu_usage_total.RAP";"2018-11-28T16:55:54+02:00";29.152
"cpu_usage_total.RAP";"2018-11-28T16:55:56+02:00";44.712
"cpu_usage_total.RAP";"2018-11-28T16:55:57+02:00";25.29
"cpu_usage_total.RAP";"2018-11-28T16:55:59+02:00";11.956
"cpu_usage_total.RAP";"2018-11-28T16:56:00+02:00";34.077
"cpu_usage_total.RAP";"2018-11-28T16:56:01+02:00";61.337
"cpu_usage_total.RAP";"2018-11-28T16:56:03+02:00";63.831
"cpu_usage_total.RAP";"2018-11-28T16:56:05+02:00";66.577
"cpu_usage_total.RAP";"2018-11-28T16:56:07+02:00";44.104
"cpu_usage_total.RAP";"2018-11-28T16:56:08+02:00";9.528
"cpu_usage_total.RAP";"2018-11-28T16:56:10+02:00";0.111
"cpu_usage_total.RAP";"2018-11-28T16:56:11+02:00";0.106
"cpu_usage_total.RAP";"2018-11-28T16:56:12+02:00";0.147
"cpu_usage_total.RAP";"2018-11-28T16:56:14+02:00";0.109
"cpu_usage_total.RAP";"2018-11-28T16:56:15+02:00";0.111
"cpu_usage_total.RAP";"2018-11-28T16:56:17+02:00";0.114
"cpu_usage_total.RAP";"2018-11-28T16:56:19+02:00";0.088
"cpu_usage_total.RAP";"2018-11-28T16:56:20+02:00";0.081
"cpu_usage_total.RAP";"2018-11-28T16:56:21+02:00";0.08
"cpu_usage_total.RAP";"2018-11-28T16:56:23+02:00";0.101
"cpu_usage_total.RAP";"2018-11-28T16:56:24+02:00";0.097
"cpu_usage_total.RAP";"2018-11-28T16:56:26+02:00";0.096
"cpu_usage_total.RAP";"2018-11-28T16:56:28+02:00";0.086
"cpu_usage_total.RAP";"2018-11-28T16:56:29+02:00";41.439
"cpu_usage_total.RAP";"2018-11-28T16:56:30+02:00";42.29
"cpu_usage_total.RAP";"2018-11-28T16:56:31+02:00";44.93
"cpu_usage_total.RAP";"2018-11-28T16:56:33+02:00";29.878
"cpu_usage_total.RAP";"2018-11-28T16:56:34+02:00";28.514
"cpu_usage_total.RAP";"2018-11-28T16:56:36+02:00";41.416
"cpu_usage_total.RAP";"2018-11-28T16:56:37+02:00";42.001
"cpu_usage_total.RAP";"2018-11-28T16:56:39+02:00";41.394
"cpu_usage_total.RAP";"2018-11-28T16:56:41+02:00";33.533
"cpu_usage_total.RAP";"2018-11-28T16:56:43+02:00";24.006
"cpu_usage_total.RAP";"2018-11-28T16:56:44+02:00";26.877
"cpu_usage_total.RAP";"2018-11-28T16:56:45+02:00";44.869
"cpu_usage_total.RAP";"2018-11-28T16:56:47+02:00";41.67
"cpu_usage_total.RAP";"2018-11-28T16:56:49+02:00";41.087
"cpu_usage_total.RAP";"2018-11-28T16:56:51+02:00";52.177
"cpu_usage_total.RAP";"2018-11-28T16:56:52+02:00";57.858
"cpu_usage_total.RAP";"2018-11-28T16:56:53+02:00";30.621
"cpu_usage_total.RAP";"2018-11-28T16:56:54+02:00";29.647
"cpu_usage_total.RAP";"2018-11-28T16:56:56+02:00";9.158
"cpu_usage_total.RAP";"2018-11-28T16:56:57+02:00";34.008
"cpu_usage_total.RAP";"2018-11-28T16:56:59+02:00";63.675
"cpu_usage_total.RAP";"2018-11-28T16:57:01+02:00";51.918
"cpu_usage_total.RAP";"2018-11-28T16:57:02+02:00";45.919
"cpu_usage_total.RAP";"2018-11-28T16:57:04+02:00";44.652
"cpu_usage_total.RAP";"2018-11-28T16:57:05+02:00";42.866
"cpu_usage_total.RAP";"2018-11-28T16:57:07+02:00";28.04
"cpu_usage_total.RAP";"2018-11-28T16:57:08+02:00";38.263
"cpu_usage_total.RAP";"2018-11-28T16:57:10+02:00";24.649
"cpu_usage_total.RAP";"2018-11-28T16:57:11+02:00";42.807
"cpu_usage_total.RAP";"2018-11-28T16:57:13+02:00";22.246
"cpu_usage_total.RAP";"2018-11-28T16:57:15+02:00";21.662
"cpu_usage_total.RAP";"2018-11-28T16:57:16+02:00";33.266
"cpu_usage_total.RAP";"2018-11-28T16:57:17+02:00";51.134
"cpu_usage_total.RAP";"2018-11-28T16:57:19+02:00";31.12
"cpu_usage_total.RAP";"2018-11-28T16:57:20+02:00";42.094
"cpu_usage_total.RAP";"2018-11-28T16:57:21+02:00";21.884
"cpu_usage_total.RAP";"2018-11-28T16:57:23+02:00";30
"cpu_usage_total.RAP";"2018-11-28T16:57:25+02:00";39.099
"cpu_usage_total.RAP";"2018-11-28T16:57:26+02:00";36.647
"cpu_usage_total.RAP";"2018-11-28T16:57:27+02:00";50.052
"cpu_usage_total.RAP";"2018-11-28T16:57:29+02:00";57.365
"cpu_usage_total.RAP";"2018-11-28T16:57:31+02:00";43.224
"cpu_usage_total.RAP";"2018-11-28T16:57:32+02:00";22.067
"cpu_usage_total.RAP";"2018-11-28T16:57:34+02:00";12.087
"cpu_usage_total.RAP";"2018-11-28T16:57:36+02:00";31.069
"cpu_usage_total.RAP";"2018-11-28T16:57:37+02:00";31.99
"cpu_usage_total.RAP";"2018-11-28T16:57:39+02:00";30.124
"cpu_usage_total.RAP";"2018-11-28T16:57:41+02:00";64.636
"cpu_usage_total.RAP";"2018-11-28T16:57:42+02:00";42.825
"cpu_usage_total.RAP";"2018-11-28T16:57:44+02:00";29.38
"cpu_usage_total.RAP";"2018-11-28T16:57:46+02:00";0.162
"cpu_usage_total.RAP";"2018-11-28T16:57:48+02:00";0.111
"cpu_usage_total.RAP";"2018-11-28T16:57:49+02:00";0.097
"cpu_usage_total.RAP";"2018-11-28T16:57:50+02:00";0.063
"cpu_usage_total.RAP";"2018-11-28T16:57:52+02:00";0.105
"cpu_usage_total.RAP";"2018-11-28T16:57:54+02:00";0.084
"cpu_usage_total.RAP";"2018-11-28T16:57:56+02:00";0.072
"cpu_usage_total.RAP";"2018-11-28T16:57:57+02:00";0.105
"cpu_usage_total.RAP";"2018-11-28T16:57:58+02:00";0.076
"cpu_usage_total.RAP";"2018-11-28T16:58:00+02:00";0.09
"cpu_usage_total.RAP";"2018-11-28T16:58:01+02:00";0.069
"cpu_usage_total.RAP";"2018-11-28T16:58:02+02:00";0.088
"cpu_usage_total.RAP";"2018-11-28T16:58:04+02:00";0.088
"cpu_usage_total.RAP";"2018-11-28T16:58:06+02:00";26.709
"cpu_usage_total.RAP";"2018-11-28T16:58:07+02:00";21.654
"cpu_usage_total.RAP";"2018-11-28T16:58:09+02:00";39.763
"cpu_usage_total.RAP";"2018-11-28T16:58:11+02:00";50.996
"cpu_usage_total.RAP";"2018-11-28T16:58:12+02:00";54.934
"cpu_usage_total.RAP";"2018-11-28T16:58:14+02:00";42.363
"cpu_usage_total.RAP";"2018-11-28T16:58:15+02:00";50.439
"cpu_usage_total.RAP";"2018-11-28T16:58:17+02:00";38.606
"cpu_usage_total.RAP";"2018-11-28T16:58:18+02:00";20.895
"cpu_usage_total.RAP";"2018-11-28T16:58:20+02:00";0.118
"cpu_usage_total.RAP";"2018-11-28T16:58:21+02:00";0.098
"cpu_usage_total.RAP";"2018-11-28T16:58:23+02:00";0.111
"cpu_usage_total.RAP";"2018-11-28T16:58:24+02:00";0.11
"cpu_usage_total.RAP";"2018-11-28T16:58:26+02:00";0.093
"cpu_usage_total.RAP";"2018-11-28T16:58:27+02:00";0.133
"cpu_usage_total.RAP";"2018-11-28T16:58:29+02:00";0.082
"cpu_usage_total.RAP";"2018-11-28T16:58:30+02:00";0.103
"cpu_usage_total.RAP";"2018-11-28T16:58:32+02:00";0.08
"cpu_usage_total.RAP";"2018-11-28T16:58:33+02:00";0.099
"cpu_usage_total.RAP";"2018-11-28T16:58:34+02:00";0.118
"cpu_usage_total.RAP";"2018-11-28T16:58:36+02:00";4.991
"cpu_usage_total.RAP";"2018-11-28T16:58:38+02:00";16.948
"cpu_usage_total.RAP";"2018-11-28T16:58:40+02:00";39.835
"cpu_usage_total.RAP";"2018-11-28T16:58:41+02:00";40.533
"cpu_usage_total.RAP";"2018-11-28T16:58:42+02:00";37.905
"cpu_usage_total.RAP";"2018-11-28T16:58:44+02:00";56.582
"cpu_usage_total.RAP";"2018-11-28T16:58:46+02:00";59.145
"cpu_usage_total.RAP";"2018-11-28T16:58:48+02:00";47.269
"cpu_usage_total.RAP";"2018-11-28T16:58:49+02:00";0.084
"cpu_usage_total.RAP";"2018-11-28T16:58:50+02:00";0.087
"cpu_usage_total.RAP";"2018-11-28T16:58:52+02:00";0.111
"cpu_usage_total.RAP";"2018-11-28T16:58:54+02:00";0.083
"cpu_usage_total.RAP";"2018-11-28T16:58:55+02:00";0.087
"cpu_usage_total.RAP";"2018-11-28T16:58:56+02:00";0.225
"cpu_usage_total.RAP";"2018-11-28T16:58:58+02:00";0.08
"cpu_usage_total.RAP";"2018-11-28T16:59:00+02:00";0.092
"cpu_usage_total.RAP";"2018-11-28T16:59:02+02:00";0.074
"cpu_usage_total.RAP";"2018-11-28T16:59:03+02:00";0.102
"cpu_usage_total.RAP";"2018-11-28T16:59:04+02:00";0.071
"cpu_usage_total.RAP";"2018-11-28T16:59:05+02:00";0.123
"cpu_usage_total.RAP";"2018-11-28T16:59:07+02:00";0.104
"cpu_usage_total.RAP";"2018-11-28T16:59:08+02:00";10.691
"cpu_usage_total.RAP";"2018-11-28T16:59:10+02:00";35.171
"cpu_usage_total.RAP";"2018-11-28T16:59:11+02:00";11.758
"cpu_usage_total.RAP";"2018-11-28T16:59:13+02:00";23.456
"cpu_usage_total.RAP";"2018-11-28T16:59:15+02:00";25.494
"cpu_usage_total.RAP";"2018-11-28T16:59:16+02:00";36.23
"cpu_usage_total.RAP";"2018-11-28T16:59:18+02:00";35.74
"cpu_usage_total.RAP";"2018-11-28T16:59:19+02:00";72.369
"cpu_usage_total.RAP";"2018-11-28T16:59:21+02:00";64.15
"cpu_usage_total.RAP";"2018-11-28T16:59:22+02:00";33.221
"cpu_usage_total.RAP";"2018-11-28T16:59:24+02:00";12.55
"cpu_usage_total.RAP";"2018-11-28T16:59:25+02:00";0.112
"cpu_usage_total.RAP";"2018-11-28T16:59:26+02:00";0.104
"cpu_usage_total.RAP";"2018-11-28T16:59:28+02:00";0.15
"cpu_usage_total.RAP";"2018-11-28T16:59:30+02:00";0.084
"cpu_usage_total.RAP";"2018-11-28T16:59:32+02:00";0.079
"cpu_usage_total.RAP";"2018-11-28T16:59:33+02:00";0.094
"cpu_usage_total.RAP";"2018-11-28T16:59:35+02:00";0.092
"cpu_usage_total.RAP";"2018-11-28T16:59:36+02:00";0.083
"cpu_usage_total.RAP";"2018-11-28T16:59:37+02:00";0.1
"cpu_usage_total.RAP";"2018-11-28T16:59:38+02:00";0.098
"cpu_usage_total.RAP";"2018-11-28T16:59:40+02:00";11.853
"cpu_usage_total.RAP";"2018-11-28T16:59:42+02:00";23.269
"cpu_usage_total.RAP";"2018-11-28T16:59:43+02:00";9.547
"cpu_usage_total.RAP";"2018-11-28T16:59:44+02:00";31.88
"cpu_usage_total.RAP";"2018-11-28T16:59:46+02:00";41.074
"cpu_usage_total.RAP";"2018-11-28T16:59:47+02:00";33.529
"cpu_usage_total.RAP";"2018-11-28T16:59:49+02:00";38.775
"cpu_usage_total.RAP";"2018-11-28T16:59:51+02:00";29.964
"cpu_usage_total.RAP";"2018-11-28T16:59:52+02:00";23.539
"cpu_usage_total.RAP";"2018-11-28T16:59:54+02:00";18.911
"cpu_usage_total.RAP";"2018-11-28T16:59:55+02:00";21.33
"cpu_usage_total.RAP";"2018-11-28T16:59:56+02:00";46.682
"cpu_usage_total.RAP";"2018-11-28T16:59:58+02:00";20.789
"cpu_usage_total.RAP";"2018-11-28T16:59:59+02:00";24.401
"cpu_usage_total.RAP";"2018-11-28T17:00:00+02:00";42.409
"cpu_usage_total.RAP";"2018-11-28T17:00:02+02:00";52.293
"cpu_usage_total.RAP";"2018-11-28T17:00:04+02:00";51.522
"cpu_usage_total.RAP";"2018-11-28T17:00:06+02:00";79.246
"cpu_usage_total.RAP";"2018-11-28T17:00:07+02:00";51.463
"cpu_usage_total.RAP";"2018-11-28T17:00:08+02:00";50.925
"cpu_usage_total.RAP";"2018-11-28T17:00:09+02:00";31.359
"cpu_usage_total.RAP";"2018-11-28T17:00:11+02:00";28.425
"cpu_usage_total.RAP";"2018-11-28T17:00:13+02:00";29.682
"cpu_usage_total.RAP";"2018-11-28T17:00:14+02:00";13.87
"cpu_usage_total.RAP";"2018-11-28T17:00:15+02:00";36.365
"cpu_usage_total.RAP";"2018-11-28T17:00:17+02:00";55.163
"cpu_usage_total.RAP";"2018-11-28T17:00:19+02:00";64.772
"cpu_usage_total.RAP";"2018-11-28T17:00:20+02:00";67.741
"cpu_usage_total.RAP";"2018-11-28T17:00:21+02:00";43.197
"cpu_usage_total.RAP";"2018-11-28T17:00:23+02:00";33.461
"cpu_usage_total.RAP";"2018-11-28T17:00:24+02:00";25.128
"cpu_usage_total.RAP";"2018-11-28T17:00:25+02:00";20.738
"cpu_usage_total.RAP";"2018-11-28T17:00:27+02:00";38.074
"cpu_usage_total.RAP";"2018-11-28T17:00:29+02:00";42.825
"cpu_usage_total.RAP";"2018-11-28T17:00:30+02:00";37.584
"cpu_usage_total.RAP";"2018-11-28T17:00:31+02:00";50.971
"cpu_usage_total.RAP";"2018-11-28T17:00:32+02:00";44.662
"cpu_usage_total.RAP";"2018-11-28T17:00:34+02:00";41.404
"cpu_usage_total.RAP";"2018-11-28T17:00:36+02:00";47.8
"cpu_usage_total.RAP";"2018-11-28T17:00:37+02:00";47.922
"cpu_usage_total.RAP";"2018-11-28T17:00:38+02:00";31.458
"cpu_usage_total.RAP";"2018-11-28T17:00:40+02:00";11.321
"cpu_usage_total.RAP";"2018-11-28T17:00:41+02:00";34.516
"cpu_usage_total.RAP";"2018-11-28T17:00:42+02:00";29.416
"cpu_usage_total.RAP";"2018-11-28T17:00:44+02:00";25.546
"cpu_usage_total.RAP";"2018-11-28T17:00:45+02:00";35.139
"cpu_usage_total.RAP";"2018-11-28T17:00:47+02:00";42.668
"cpu_usage_total.RAP";"2018-11-28T17:00:49+02:00";68.656
"cpu_usage_total.RAP";"2018-11-28T17:00:50+02:00";41.75
"cpu_usage_total.RAP";"2018-11-28T17:00:52+02:00";41.146
"cpu_usage_total.RAP";"2018-11-28T17:00:53+02:00";30.098
"cpu_usage_total.RAP";"2018-11-28T17:00:54+02:00";17.559
"cpu_usage_total.RAP";"2018-11-28T17:00:56+02:00";33.492
"cpu_usage_total.RAP";"2018-11-28T17:00:57+02:00";43.013
"cpu_usage_total.RAP";"2018-11-28T17:00:58+02:00";35.365
"cpu_usage_total.RAP";"2018-11-28T17:00:59+02:00";45.043
"cpu_usage_total.RAP";"2018-11-28T17:01:00+02:00";58.082
"cpu_usage_total.RAP";"2018-11-28T17:01:01+02:00";78.944
"cpu_usage_total.RAP";"2018-11-28T17:01:03+02:00";30.385
"cpu_usage_total.RAP";"2018-11-28T17:01:04+02:00";30.805
"cpu_usage_total.RAP";"2018-11-28T17:01:06+02:00";45.573
"cpu_usage_total.RAP";"2018-11-28T17:01:07+02:00";24.313
"cpu_usage_total.RAP";"2018-11-28T17:01:08+02:00";29.867
"cpu_usage_total.RAP";"2018-11-28T17:01:10+02:00";35.677
"cpu_usage_total.RAP";"2018-11-28T17:01:11+02:00";42.749
"cpu_usage_total.RAP";"2018-11-28T17:01:12+02:00";45.956
"cpu_usage_total.RAP";"2018-11-28T17:01:13+02:00";33.784
"cpu_usage_total.RAP";"2018-11-28T17:01:15+02:00";52.796
"cpu_usage_total.RAP";"2018-11-28T17:01:16+02:00";46.146
"cpu_usage_total.RAP";"2018-11-28T17:01:17+02:00";44.134
"cpu_usage_total.RAP";"2018-11-28T17:01:18+02:00";20.819
"cpu_usage_total.RAP";"2018-11-28T17:01:20+02:00";0.11
"cpu_usage_total.RAP";"2018-11-28T17:01:22+02:00";0.101
"cpu_usage_total.RAP";"2018-11-28T17:01:23+02:00";0.073
"cpu_usage_total.RAP";"2018-11-28T17:01:25+02:00";0.152
"cpu_usage_total.RAP";"2018-11-28T17:01:27+02:00";0.11
"cpu_usage_total.RAP";"2018-11-28T17:01:29+02:00";0.115
"cpu_usage_total.RAP";"2018-11-28T17:01:30+02:00";0.094
"cpu_usage_total.RAP";"2018-11-28T17:01:32+02:00";0.1
"cpu_usage_total.RAP";"2018-11-28T17:01:34+02:00";0.114
"cpu_usage_total.RAP";"2018-11-28T17:01:35+02:00";0.096
"cpu_usage_total.RAP";"2018-11-28T17:01:37+02:00";0.106
"cpu_usage_total.RAP";"2018-11-28T17:01:38+02:00";17.058
"cpu_usage_total.RAP";"2018-11-28T17:01:40+02:00";6.541
"cpu_usage_total.RAP";"2018-11-28T17:01:41+02:00";28.594
"cpu_usage_total.RAP";"2018-11-28T17:01:43+02:00";31.083
"cpu_usage_total.RAP";"2018-11-28T17:01:44+02:00";37.627
"cpu_usage_total.RAP";"2018-11-28T17:01:46+02:00";51.945
"cpu_usage_total.RAP";"2018-11-28T17:01:48+02:00";72.687
"cpu_usage_total.RAP";"2018-11-28T17:01:50+02:00";49.971
"cpu_usage_total.RAP";"2018-11-28T17:01:52+02:00";38.046
"cpu_usage_total.RAP";"2018-11-28T17:01:53+02:00";20.756
"cpu_usage_total.RAP";"2018-11-28T17:01:54+02:00";20.317
"cpu_usage_total.RAP";"2018-11-28T17:01:56+02:00";5.652
"cpu_usage_total.RAP";"2018-11-28T17:01:58+02:00";18.016
"cpu_usage_total.RAP";"2018-11-28T17:01:59+02:00";43.731
"cpu_usage_total.RAP";"2018-11-28T17:02:01+02:00";47.263
"cpu_usage_total.RAP";"2018-11-28T17:02:03+02:00";45.21
"cpu_usage_total.RAP";"2018-11-28T17:02:04+02:00";56.32
"cpu_usage_total.RAP";"2018-11-28T17:02:05+02:00";66.431
"cpu_usage_total.RAP";"2018-11-28T17:02:07+02:00";58.164
"cpu_usage_total.RAP";"2018-11-28T17:02:08+02:00";43.556
"cpu_usage_total.RAP";"2018-11-28T17:02:10+02:00";38.764
"cpu_usage_total.RAP";"2018-11-28T17:02:12+02:00";7.779
"cpu_usage_total.RAP";"2018-11-28T17:02:13+02:00";13.326
"cpu_usage_total.RAP";"2018-11-28T17:02:14+02:00";20.719
"cpu_usage_total.RAP";"2018-11-28T17:02:16+02:00";37.963
"cpu_usage_total.RAP";"2018-11-28T17:02:18+02:00";42.498
"cpu_usage_total.RAP";"2018-11-28T17:02:19+02:00";38.398
"cpu_usage_total.RAP";"2018-11-28T17:02:21+02:00";64.534
"cpu_usage_total.RAP";"2018-11-28T17:02:23+02:00";46.529
"cpu_usage_total.RAP";"2018-11-28T17:02:24+02:00";36.819
"cpu_usage_total.RAP";"2018-11-28T17:02:26+02:00";38.228
"cpu_usage_total.RAP";"2018-11-28T17:02:27+02:00";43.561
"cpu_usage_total.RAP";"2018-11-28T17:02:28+02:00";0.098
"cpu_usage_total.RAP";"2018-11-28T17:02:29+02:00";23.765
"cpu_usage_total.RAP";"2018-11-28T17:02:31+02:00";40.547
"cpu_usage_total.RAP";"2018-11-28T17:02:33+02:00";34.221
"cpu_usage_total.RAP";"2018-11-28T17:02:34+02:00";27.904
"cpu_usage_total.RAP";"2018-11-28T17:02:36+02:00";38.562
"cpu_usage_total.RAP";"2018-11-28T17:02:37+02:00";75.24
"cpu_usage_total.RAP";"2018-11-28T17:02:39+02:00";59.786
"cpu_usage_total.RAP";"2018-11-28T17:02:40+02:00";42.53
"cpu_usage_total.RAP";"2018-11-28T17:02:42+02:00";13.773
"cpu_usage_total.RAP";"2018-11-28T17:02:44+02:00";25.122
"cpu_usage_total.RAP";"2018-11-28T17:02:46+02:00";43.887
"cpu_usage_total.RAP";"2018-11-28T17:02:47+02:00";42.427
"cpu_usage_total.RAP";"2018-11-28T17:02:48+02:00";54.759
"cpu_usage_total.RAP";"2018-11-28T17:02:49+02:00";79.478
"cpu_usage_total.RAP";"2018-11-28T17:02:51+02:00";72.037
"cpu_usage_total.RAP";"2018-11-28T17:02:52+02:00";53.381
"cpu_usage_total.RAP";"2018-11-28T17:02:54+02:00";38.928
"cpu_usage_total.RAP";"2018-11-28T17:02:55+02:00";21.223
"cpu_usage_total.RAP";"2018-11-28T17:02:57+02:00";9.613
"cpu_usage_total.RAP";"2018-11-28T17:02:58+02:00";32.152
"cpu_usage_total.RAP";"2018-11-28T17:03:00+02:00";40.598
"cpu_usage_total.RAP";"2018-11-28T17:03:01+02:00";77.716
"cpu_usage_total.RAP";"2018-11-28T17:03:02+02:00";86.686
"cpu_usage_total.RAP";"2018-11-28T17:03:03+02:00";70.812
"cpu_usage_total.RAP";"2018-11-28T17:03:05+02:00";60.252
"cpu_usage_total.RAP";"2018-11-28T17:03:06+02:00";25.831
"cpu_usage_total.RAP";"2018-11-28T17:03:08+02:00";29.645
"cpu_usage_total.RAP";"2018-11-28T17:03:09+02:00";19.623
"cpu_usage_total.RAP";"2018-11-28T17:03:11+02:00";29.389
"cpu_usage_total.RAP";"2018-11-28T17:03:12+02:00";44.987
"cpu_usage_total.RAP";"2018-11-28T17:03:13+02:00";26.437
"cpu_usage_total.RAP";"2018-11-28T17:03:15+02:00";26.709
"cpu_usage_total.RAP";"2018-11-28T17:03:16+02:00";40.16
"cpu_usage_total.RAP";"2018-11-28T17:03:18+02:00";40.37
"cpu_usage_total.RAP";"2018-11-28T17:03:19+02:00";66.155
"cpu_usage_total.RAP";"2018-11-28T17:03:20+02:00";44.331
"cpu_usage_total.RAP";"2018-11-28T17:03:22+02:00";42.3
"cpu_usage_total.RAP";"2018-11-28T17:03:24+02:00";7.79
"cpu_usage_total.RAP";"2018-11-28T17:03:25+02:00";26.08
"cpu_usage_total.RAP";"2018-11-28T17:03:26+02:00";8.454
"cpu_usage_total.RAP";"2018-11-28T17:03:28+02:00";37.227
"cpu_usage_total.RAP";"2018-11-28T17:03:30+02:00";43.307
"cpu_usage_total.RAP";"2018-11-28T17:03:31+02:00";37.701
"cpu_usage_total.RAP";"2018-11-28T17:03:32+02:00";66.255
"cpu_usage_total.RAP";"2018-11-28T17:03:34+02:00";40.377
"cpu_usage_total.RAP";"2018-11-28T17:03:36+02:00";65.689
"cpu_usage_total.RAP";"2018-11-28T17:03:38+02:00";44.543
"cpu_usage_total.RAP";"2018-11-28T17:03:39+02:00";19.495
"cpu_usage_total.RAP";"2018-11-28T17:03:41+02:00";16.232
"cpu_usage_total.RAP";"2018-11-28T17:03:42+02:00";34.726
"cpu_usage_total.RAP";"2018-11-28T17:03:44+02:00";26.016
"cpu_usage_total.RAP";"2018-11-28T17:03:45+02:00";31.183
"cpu_usage_total.RAP";"2018-11-28T17:03:46+02:00";42.708
"cpu_usage_total.RAP";"2018-11-28T17:03:48+02:00";42.691
"cpu_usage_total.RAP";"2018-11-28T17:03:49+02:00";44.809
"cpu_usage_total.RAP";"2018-11-28T17:03:51+02:00";44.358
"cpu_usage_total.RAP";"2018-11-28T17:03:52+02:00";29.073
"cpu_usage_total.RAP";"2018-11-28T17:03:53+02:00";26.881
"cpu_usage_total.RAP";"2018-11-28T17:03:55+02:00";14.681
"cpu_usage_total.RAP";"2018-11-28T17:03:57+02:00";0.076
"cpu_usage_total.RAP";"2018-11-28T17:03:58+02:00";37.153
"cpu_usage_total.RAP";"2018-11-28T17:03:59+02:00";27.747
"cpu_usage_total.RAP";"2018-11-28T17:04:00+02:00";42.549
"cpu_usage_total.RAP";"2018-11-28T17:04:02+02:00";40.847
"cpu_usage_total.RAP";"2018-11-28T17:04:03+02:00";28.418
"cpu_usage_total.RAP";"2018-11-28T17:04:05+02:00";26.455
"cpu_usage_total.RAP";"2018-11-28T17:04:06+02:00";21.888
"cpu_usage_total.RAP";"2018-11-28T17:04:07+02:00";49.325
"cpu_usage_total.RAP";"2018-11-28T17:04:09+02:00";41.58
"cpu_usage_total.RAP";"2018-11-28T17:04:10+02:00";30.77
"cpu_usage_total.RAP";"2018-11-28T17:04:12+02:00";8.116
"cpu_usage_total.RAP";"2018-11-28T17:04:13+02:00";0.088
"cpu_usage_total.RAP";"2018-11-28T17:04:15+02:00";0.084
"cpu_usage_total.RAP";"2018-11-28T17:04:16+02:00";0.164
"cpu_usage_total.RAP";"2018-11-28T17:04:18+02:00";0.222
"cpu_usage_total.RAP";"2018-11-28T17:04:20+02:00";0.09
"cpu_usage_total.RAP";"2018-11-28T17:04:21+02:00";0.095
"cpu_usage_total.RAP";"2018-11-28T17:04:23+02:00";0.117
"cpu_usage_total.RAP";"2018-11-28T17:04:25+02:00";0.098
"cpu_usage_total.RAP";"2018-11-28T17:04:27+02:00";0.118
"cpu_usage_total.RAP";"2018-11-28T17:04:28+02:00";0.12
"cpu_usage_total.RAP";"2018-11-28T17:04:29+02:00";0.078
"cpu_usage_total.RAP";"2018-11-28T17:04:31+02:00";0.083
"cpu_usage_total.RAP";"2018-11-28T17:04:32+02:00";17.548
"cpu_usage_total.RAP";"2018-11-28T17:04:33+02:00";3.197
"cpu_usage_total.RAP";"2018-11-28T17:04:34+02:00";4.054
"cpu_usage_total.RAP";"2018-11-28T17:04:36+02:00";32.378
"cpu_usage_total.RAP";"2018-11-28T17:04:37+02:00";41.99
"cpu_usage_total.RAP";"2018-11-28T17:04:38+02:00";42.755
"cpu_usage_total.RAP";"2018-11-28T17:04:40+02:00";39.569
"cpu_usage_total.RAP";"2018-11-28T17:04:42+02:00";40.977
"cpu_usage_total.RAP";"2018-11-28T17:04:44+02:00";29.189
"cpu_usage_total.RAP";"2018-11-28T17:04:46+02:00";33.757
"cpu_usage_total.RAP";"2018-11-28T17:04:47+02:00";63.731
"cpu_usage_total.RAP";"2018-11-28T17:04:49+02:00";44.029
"cpu_usage_total.RAP";"2018-11-28T17:04:50+02:00";37.801
"cpu_usage_total.RAP";"2018-11-28T17:04:52+02:00";13.013
"cpu_usage_total.RAP";"2018-11-28T17:04:53+02:00";3.441
"cpu_usage_total.RAP";"2018-11-28T17:04:55+02:00";13.953
"cpu_usage_total.RAP";"2018-11-28T17:04:57+02:00";41.204
"cpu_usage_total.RAP";"2018-11-28T17:04:59+02:00";62.659
"cpu_usage_total.RAP";"2018-11-28T17:05:00+02:00";76.199
"cpu_usage_total.RAP";"2018-11-28T17:05:02+02:00";58.991
"cpu_usage_total.RAP";"2018-11-28T17:05:03+02:00";29.181
"cpu_usage_total.RAP";"2018-11-28T17:05:04+02:00";31.054
"cpu_usage_total.RAP";"2018-11-28T17:05:06+02:00";33.474
"cpu_usage_total.RAP";"2018-11-28T17:05:07+02:00";57.762
"cpu_usage_total.RAP";"2018-11-28T17:05:08+02:00";36.791
"cpu_usage_total.RAP";"2018-11-28T17:05:09+02:00";37.016
"cpu_usage_total.RAP";"2018-11-28T17:05:11+02:00";0.094
"cpu_usage_total.RAP";"2018-11-28T17:05:12+02:00";19.468
"cpu_usage_total.RAP";"2018-11-28T17:05:13+02:00";27.714
"cpu_usage_total.RAP";"2018-11-28T17:05:15+02:00";21.038
"cpu_usage_total.RAP";"2018-11-28T17:05:16+02:00";28.088
"cpu_usage_total.RAP";"2018-11-28T17:05:18+02:00";43.758
"cpu_usage_total.RAP";"2018-11-28T17:05:19+02:00";63.962
"cpu_usage_total.RAP";"2018-11-28T17:05:21+02:00";68.54
"cpu_usage_total.RAP";"2018-11-28T17:05:23+02:00";51.765
"cpu_usage_total.RAP";"2018-11-28T17:05:24+02:00";32.378
"cpu_usage_total.RAP";"2018-11-28T17:05:26+02:00";36.692
"cpu_usage_total.RAP";"2018-11-28T17:05:27+02:00";29.868
"cpu_usage_total.RAP";"2018-11-28T17:05:29+02:00";7.899
"cpu_usage_total.RAP";"2018-11-28T17:05:31+02:00";33.129
"cpu_usage_total.RAP";"2018-11-28T17:05:33+02:00";37.851
"cpu_usage_total.RAP";"2018-11-28T17:05:34+02:00";28.403
"cpu_usage_total.RAP";"2018-11-28T17:05:35+02:00";35.435
"cpu_usage_total.RAP";"2018-11-28T17:05:37+02:00";68.132
"cpu_usage_total.RAP";"2018-11-28T17:05:38+02:00";66.336
"cpu_usage_total.RAP";"2018-11-28T17:05:40+02:00";66.3
"cpu_usage_total.RAP";"2018-11-28T17:05:41+02:00";47.924
"cpu_usage_total.RAP";"2018-11-28T17:05:43+02:00";28.944
"cpu_usage_total.RAP";"2018-11-28T17:05:44+02:00";17.902
"cpu_usage_total.RAP";"2018-11-28T17:05:46+02:00";0.446
"cpu_usage_total.RAP";"2018-11-28T17:05:47+02:00";28.804
"cpu_usage_total.RAP";"2018-11-28T17:05:49+02:00";44.084
"cpu_usage_total.RAP";"2018-11-28T17:05:50+02:00";44.46
"cpu_usage_total.RAP";"2018-11-28T17:05:52+02:00";42.729
"cpu_usage_total.RAP";"2018-11-28T17:05:53+02:00";32.943
"cpu_usage_total.RAP";"2018-11-28T17:05:55+02:00";52.734
"cpu_usage_total.RAP";"2018-11-28T17:05:56+02:00";46.599
"cpu_usage_total.RAP";"2018-11-28T17:05:58+02:00";43.518
"cpu_usage_total.RAP";"2018-11-28T17:05:59+02:00";42.409
"cpu_usage_total.RAP";"2018-11-28T17:06:01+02:00";35.123
"cpu_usage_total.RAP";"2018-11-28T17:06:03+02:00";7.322
"cpu_usage_total.RAP";"2018-11-28T17:06:04+02:00";9.06
"cpu_usage_total.RAP";"2018-11-28T17:06:06+02:00";20.77
"cpu_usage_total.RAP";"2018-11-28T17:06:07+02:00";42.069
"cpu_usage_total.RAP";"2018-11-28T17:06:09+02:00";43.665
"cpu_usage_total.RAP";"2018-11-28T17:06:11+02:00";58.309
"cpu_usage_total.RAP";"2018-11-28T17:06:13+02:00";54.575
"cpu_usage_total.RAP";"2018-11-28T17:06:17+02:00";40.306
"cpu_usage_total.RAP";"2018-11-28T17:06:18+02:00";42.737
"cpu_usage_total.RAP";"2018-11-28T17:06:20+02:00";10.88
"cpu_usage_total.RAP";"2018-11-28T17:06:21+02:00";9.305
"cpu_usage_total.RAP";"2018-11-28T17:06:22+02:00";23.108
"cpu_usage_total.RAP";"2018-11-28T17:06:24+02:00";27.665
"cpu_usage_total.RAP";"2018-11-28T17:06:26+02:00";33.921
"cpu_usage_total.RAP";"2018-11-28T17:06:27+02:00";59.363
"cpu_usage_total.RAP";"2018-11-28T17:06:29+02:00";84.07
"cpu_usage_total.RAP";"2018-11-28T17:06:31+02:00";72.568
"cpu_usage_total.RAP";"2018-11-28T17:06:32+02:00";53.567
"cpu_usage_total.RAP";"2018-11-28T17:06:33+02:00";29.092
"cpu_usage_total.RAP";"2018-11-28T17:06:34+02:00";28.411
"cpu_usage_total.RAP";"2018-11-28T17:06:36+02:00";28.908
"cpu_usage_total.RAP";"2018-11-28T17:06:37+02:00";15.944
"cpu_usage_total.RAP";"2018-11-28T17:06:38+02:00";13.701
"cpu_usage_total.RAP";"2018-11-28T17:06:40+02:00";41.616
"cpu_usage_total.RAP";"2018-11-28T17:06:42+02:00";44.038
"cpu_usage_total.RAP";"2018-11-28T17:06:43+02:00";29.994
"cpu_usage_total.RAP";"2018-11-28T17:06:45+02:00";33.516
"cpu_usage_total.RAP";"2018-11-28T17:06:47+02:00";76.025
"cpu_usage_total.RAP";"2018-11-28T17:06:49+02:00";68.578
"cpu_usage_total.RAP";"2018-11-28T17:06:50+02:00";33.679
"cpu_usage_total.RAP";"2018-11-28T17:06:52+02:00";27.657
"cpu_usage_total.RAP";"2018-11-28T17:06:53+02:00";3.634
"cpu_usage_total.RAP";"2018-11-28T17:06:55+02:00";5.263
"cpu_usage_total.RAP";"2018-11-28T17:06:56+02:00";11.567
"cpu_usage_total.RAP";"2018-11-28T17:06:57+02:00";19.36
"cpu_usage_total.RAP";"2018-11-28T17:06:59+02:00";35.972
"cpu_usage_total.RAP";"2018-11-28T17:07:01+02:00";43.009
"cpu_usage_total.RAP";"2018-11-28T17:07:02+02:00";41.84
"cpu_usage_total.RAP";"2018-11-28T17:07:04+02:00";42.967
"cpu_usage_total.RAP";"2018-11-28T17:07:05+02:00";55.423
"cpu_usage_total.RAP";"2018-11-28T17:07:06+02:00";67.067
"cpu_usage_total.RAP";"2018-11-28T17:07:07+02:00";52.73
"cpu_usage_total.RAP";"2018-11-28T17:07:09+02:00";42.64
"cpu_usage_total.RAP";"2018-11-28T17:07:11+02:00";10.193
"cpu_usage_total.RAP";"2018-11-28T17:07:13+02:00";24.497
"cpu_usage_total.RAP";"2018-11-28T17:07:15+02:00";10.21
"cpu_usage_total.RAP";"2018-11-28T17:07:16+02:00";41.689
"cpu_usage_total.RAP";"2018-11-28T17:07:18+02:00";46.92
"cpu_usage_total.RAP";"2018-11-28T17:07:20+02:00";78.513
"cpu_usage_total.RAP";"2018-11-28T17:07:21+02:00";79.84
"cpu_usage_total.RAP";"2018-11-28T17:07:23+02:00";52.51
"cpu_usage_total.RAP";"2018-11-28T17:07:24+02:00";26.804
"cpu_usage_total.RAP";"2018-11-28T17:07:26+02:00";29.081
"cpu_usage_total.RAP";"2018-11-28T17:07:28+02:00";13.596
"cpu_usage_total.RAP";"2018-11-28T17:07:30+02:00";0.125
"cpu_usage_total.RAP";"2018-11-28T17:07:32+02:00";0.081
"cpu_usage_total.RAP";"2018-11-28T17:07:33+02:00";0.074
"cpu_usage_total.RAP";"2018-11-28T17:07:34+02:00";0.077
"cpu_usage_total.RAP";"2018-11-28T17:07:35+02:00";0.06
"cpu_usage_total.RAP";"2018-11-28T17:07:37+02:00";0.094
"cpu_usage_total.RAP";"2018-11-28T17:07:39+02:00";0.114
"cpu_usage_total.RAP";"2018-11-28T17:07:41+02:00";0.074
"cpu_usage_total.RAP";"2018-11-28T17:07:42+02:00";0.088
"cpu_usage_total.RAP";"2018-11-28T17:07:43+02:00";0.114
"cpu_usage_total.RAP";"2018-11-28T17:07:45+02:00";0.082
"cpu_usage_total.RAP";"2018-11-28T17:07:46+02:00";0.121
"cpu_usage_total.RAP";"2018-11-28T17:07:47+02:00";12.427
"cpu_usage_total.RAP";"2018-11-28T17:07:49+02:00";4.091
"cpu_usage_total.RAP";"2018-11-28T17:07:50+02:00";8.272
"cpu_usage_total.RAP";"2018-11-28T17:07:52+02:00";33.372
"cpu_usage_total.RAP";"2018-11-28T17:07:54+02:00";30.721
"cpu_usage_total.RAP";"2018-11-28T17:07:55+02:00";26.027
"cpu_usage_total.RAP";"2018-11-28T17:07:56+02:00";39.58
"cpu_usage_total.RAP";"2018-11-28T17:07:58+02:00";73.818
"cpu_usage_total.RAP";"2018-11-28T17:07:59+02:00";70.027
"cpu_usage_total.RAP";"2018-11-28T17:08:00+02:00";63.291
"cpu_usage_total.RAP";"2018-11-28T17:08:02+02:00";59.654
"cpu_usage_total.RAP";"2018-11-28T17:08:03+02:00";28.665
"cpu_usage_total.RAP";"2018-11-28T17:08:04+02:00";28.362
"cpu_usage_total.RAP";"2018-11-28T17:08:06+02:00";30.009
"cpu_usage_total.RAP";"2018-11-28T17:08:07+02:00";40.744
"cpu_usage_total.RAP";"2018-11-28T17:08:09+02:00";24.569
"cpu_usage_total.RAP";"2018-11-28T17:08:11+02:00";36.495
"cpu_usage_total.RAP";"2018-11-28T17:08:13+02:00";25.105
"cpu_usage_total.RAP";"2018-11-28T17:08:15+02:00";25.402
"cpu_usage_total.RAP";"2018-11-28T17:08:16+02:00";31.774
"cpu_usage_total.RAP";"2018-11-28T17:08:18+02:00";43.709
"cpu_usage_total.RAP";"2018-11-28T17:08:20+02:00";43.379
"cpu_usage_total.RAP";"2018-11-28T17:08:21+02:00";50.875
"cpu_usage_total.RAP";"2018-11-28T17:08:23+02:00";49.794
"cpu_usage_total.RAP";"2018-11-28T17:08:25+02:00";29.974
"cpu_usage_total.RAP";"2018-11-28T17:08:26+02:00";22.661
"cpu_usage_total.RAP";"2018-11-28T17:08:28+02:00";24.082
"cpu_usage_total.RAP";"2018-11-28T17:08:29+02:00";8.062
"cpu_usage_total.RAP";"2018-11-28T17:08:30+02:00";28.214
"cpu_usage_total.RAP";"2018-11-28T17:08:32+02:00";29.166
"cpu_usage_total.RAP";"2018-11-28T17:08:34+02:00";28.455
"cpu_usage_total.RAP";"2018-11-28T17:08:35+02:00";29.302
"cpu_usage_total.RAP";"2018-11-28T17:08:36+02:00";37.697
"cpu_usage_total.RAP";"2018-11-28T17:08:38+02:00";41.337
"cpu_usage_total.RAP";"2018-11-28T17:08:39+02:00";53.775
"cpu_usage_total.RAP";"2018-11-28T17:08:40+02:00";79.739
"cpu_usage_total.RAP";"2018-11-28T17:08:42+02:00";71.254
"cpu_usage_total.RAP";"2018-11-28T17:08:43+02:00";46.325
"cpu_usage_total.RAP";"2018-11-28T17:08:44+02:00";35.753
"cpu_usage_total.RAP";"2018-11-28T17:08:46+02:00";18.815
"cpu_usage_total.RAP";"2018-11-28T17:08:47+02:00";2.917
"cpu_usage_total.RAP";"2018-11-28T17:08:49+02:00";30.995
"cpu_usage_total.RAP";"2018-11-28T17:08:51+02:00";43.364
"cpu_usage_total.RAP";"2018-11-28T17:08:52+02:00";43.01
"cpu_usage_total.RAP";"2018-11-28T17:08:53+02:00";42.242
"cpu_usage_total.RAP";"2018-11-28T17:08:55+02:00";60.453
"cpu_usage_total.RAP";"2018-11-28T17:08:57+02:00";81.208
"cpu_usage_total.RAP";"2018-11-28T17:08:58+02:00";57.272
"cpu_usage_total.RAP";"2018-11-28T17:08:59+02:00";33.201
"cpu_usage_total.RAP";"2018-11-28T17:09:01+02:00";27.099
"cpu_usage_total.RAP";"2018-11-28T17:09:03+02:00";34.618
"cpu_usage_total.RAP";"2018-11-28T17:09:04+02:00";8.933
"cpu_usage_total.RAP";"2018-11-28T17:09:05+02:00";0.16
"cpu_usage_total.RAP";"2018-11-28T17:09:07+02:00";2.477
"cpu_usage_total.RAP";"2018-11-28T17:09:09+02:00";34.242
"cpu_usage_total.RAP";"2018-11-28T17:09:10+02:00";28.608
"cpu_usage_total.RAP";"2018-11-28T17:09:11+02:00";37.843
"cpu_usage_total.RAP";"2018-11-28T17:09:13+02:00";78.87
"cpu_usage_total.RAP";"2018-11-28T17:09:14+02:00";37.159
"cpu_usage_total.RAP";"2018-11-28T17:09:16+02:00";48.598
"cpu_usage_total.RAP";"2018-11-28T17:09:18+02:00";78.381
"cpu_usage_total.RAP";"2018-11-28T17:09:19+02:00";54.276
"cpu_usage_total.RAP";"2018-11-28T17:09:21+02:00";40.349
"cpu_usage_total.RAP";"2018-11-28T17:09:23+02:00";33.129
"cpu_usage_total.RAP";"2018-11-28T17:09:25+02:00";2.248
"cpu_usage_total.RAP";"2018-11-28T17:09:26+02:00";7.656
"cpu_usage_total.RAP";"2018-11-28T17:09:28+02:00";18.732
"cpu_usage_total.RAP";"2018-11-28T17:09:29+02:00";44.497
"cpu_usage_total.RAP";"2018-11-28T17:09:31+02:00";42.095
"cpu_usage_total.RAP";"2018-11-28T17:09:32+02:00";43.752
"cpu_usage_total.RAP";"2018-11-28T17:09:33+02:00";55.907
"cpu_usage_total.RAP";"2018-11-28T17:09:35+02:00";44.729
"cpu_usage_total.RAP";"2018-11-28T17:09:36+02:00";74.078
"cpu_usage_total.RAP";"2018-11-28T17:09:38+02:00";68.927
"cpu_usage_total.RAP";"2018-11-28T17:09:40+02:00";42.192
"cpu_usage_total.RAP";"2018-11-28T17:09:41+02:00";39.216
"cpu_usage_total.RAP";"2018-11-28T17:09:43+02:00";13.599
"cpu_usage_total.RAP";"2018-11-28T17:09:44+02:00";0.144
"cpu_usage_total.RAP";"2018-11-28T17:09:45+02:00";0.082
"cpu_usage_total.RAP";"2018-11-28T17:09:47+02:00";24.023
"cpu_usage_total.RAP";"2018-11-28T17:09:49+02:00";42.803
"cpu_usage_total.RAP";"2018-11-28T17:09:51+02:00";58.99
"cpu_usage_total.RAP";"2018-11-28T17:09:52+02:00";72.446
"cpu_usage_total.RAP";"2018-11-28T17:09:53+02:00";59.397
"cpu_usage_total.RAP";"2018-11-28T17:09:55+02:00";40.862
"cpu_usage_total.RAP";"2018-11-28T17:09:56+02:00";58.074
"cpu_usage_total.RAP";"2018-11-28T17:09:58+02:00";79.676
"cpu_usage_total.RAP";"2018-11-28T17:09:59+02:00";47.519
"cpu_usage_total.RAP";"2018-11-28T17:10:01+02:00";59.563
"cpu_usage_total.RAP";"2018-11-28T17:10:02+02:00";54.371
"cpu_usage_total.RAP";"2018-11-28T17:10:04+02:00";33.101
"cpu_usage_total.RAP";"2018-11-28T17:10:06+02:00";21.374
"cpu_usage_total.RAP";"2018-11-28T17:10:07+02:00";29.249
"cpu_usage_total.RAP";"2018-11-28T17:10:08+02:00";3.529
"cpu_usage_total.RAP";"2018-11-28T17:10:09+02:00";25.588
"cpu_usage_total.RAP";"2018-11-28T17:10:11+02:00";32.26
"cpu_usage_total.RAP";"2018-11-28T17:10:12+02:00";42.922
"cpu_usage_total.RAP";"2018-11-28T17:10:14+02:00";39.431
"cpu_usage_total.RAP";"2018-11-28T17:10:15+02:00";41.26
"cpu_usage_total.RAP";"2018-11-28T17:10:17+02:00";80.755
"cpu_usage_total.RAP";"2018-11-28T17:10:19+02:00";76.219
"cpu_usage_total.RAP";"2018-11-28T17:10:20+02:00";67.692
"cpu_usage_total.RAP";"2018-11-28T17:10:21+02:00";57.056
"cpu_usage_total.RAP";"2018-11-28T17:10:23+02:00";30.886
"cpu_usage_total.RAP";"2018-11-28T17:10:25+02:00";24.463
"cpu_usage_total.RAP";"2018-11-28T17:10:26+02:00";17.511
"cpu_usage_total.RAP";"2018-11-28T17:10:28+02:00";0.073
"cpu_usage_total.RAP";"2018-11-28T17:10:29+02:00";19.979
"cpu_usage_total.RAP";"2018-11-28T17:10:30+02:00";39.753
"cpu_usage_total.RAP";"2018-11-28T17:10:32+02:00";40.316
"cpu_usage_total.RAP";"2018-11-28T17:10:33+02:00";38.5
"cpu_usage_total.RAP";"2018-11-28T17:10:35+02:00";29.094
"cpu_usage_total.RAP";"2018-11-28T17:10:36+02:00";38.234
"cpu_usage_total.RAP";"2018-11-28T17:10:37+02:00";79.532
"cpu_usage_total.RAP";"2018-11-28T17:10:39+02:00";68.453
"cpu_usage_total.RAP";"2018-11-28T17:10:40+02:00";65.035
"cpu_usage_total.RAP";"2018-11-28T17:10:41+02:00";34.024
"cpu_usage_total.RAP";"2018-11-28T17:10:42+02:00";24.585
"cpu_usage_total.RAP";"2018-11-28T17:10:44+02:00";21.356
"cpu_usage_total.RAP";"2018-11-28T17:10:45+02:00";3.888
"cpu_usage_total.RAP";"2018-11-28T17:10:47+02:00";7.223
"cpu_usage_total.RAP";"2018-11-28T17:10:48+02:00";24.321
"cpu_usage_total.RAP";"2018-11-28T17:10:50+02:00";33.271
"cpu_usage_total.RAP";"2018-11-28T17:10:51+02:00";42.185
"cpu_usage_total.RAP";"2018-11-28T17:10:53+02:00";45.025
"cpu_usage_total.RAP";"2018-11-28T17:10:55+02:00";38.692
"cpu_usage_total.RAP";"2018-11-28T17:10:56+02:00";72.207
"cpu_usage_total.RAP";"2018-11-28T17:10:58+02:00";57.681
"cpu_usage_total.RAP";"2018-11-28T17:10:59+02:00";65.594
"cpu_usage_total.RAP";"2018-11-28T17:11:01+02:00";41.472
"cpu_usage_total.RAP";"2018-11-28T17:11:02+02:00";43.711
"cpu_usage_total.RAP";"2018-11-28T17:11:04+02:00";10.197
"cpu_usage_total.RAP";"2018-11-28T17:11:05+02:00";0.102
"cpu_usage_total.RAP";"2018-11-28T17:11:07+02:00";0.107
"cpu_usage_total.RAP";"2018-11-28T17:11:09+02:00";0.087
"cpu_usage_total.RAP";"2018-11-28T17:11:10+02:00";0.098
"cpu_usage_total.RAP";"2018-11-28T17:11:12+02:00";0.098
"cpu_usage_total.RAP";"2018-11-28T17:11:13+02:00";0.071
"cpu_usage_total.RAP";"2018-11-28T17:11:14+02:00";0.06
"cpu_usage_total.RAP";"2018-11-28T17:11:16+02:00";3.607
"cpu_usage_total.RAP";"2018-11-28T17:11:18+02:00";0.116
"cpu_usage_total.RAP";"2018-11-28T17:11:19+02:00";0.093
"cpu_usage_total.RAP";"2018-11-28T17:11:21+02:00";0.166
"cpu_usage_total.RAP";"2018-11-28T17:11:22+02:00";0.13
"cpu_usage_total.RAP";"2018-11-28T17:11:24+02:00";0.082
"cpu_usage_total.RAP";"2018-11-28T17:11:26+02:00";0.126
"cpu_usage_total.RAP";"2018-11-28T17:11:27+02:00";0.082
"cpu_usage_total.RAP";"2018-11-28T17:11:29+02:00";0.107
"cpu_usage_total.RAP";"2018-11-28T17:11:30+02:00";0.121
"cpu_usage_total.RAP";"2018-11-28T17:11:32+02:00";0.093
"cpu_usage_total.RAP";"2018-11-28T17:11:33+02:00";0.088
"cpu_usage_total.RAP";"2018-11-28T17:11:35+02:00";0.083
"cpu_usage_total.RAP";"2018-11-28T17:11:36+02:00";19.16
"cpu_usage_total.RAP";"2018-11-28T17:11:38+02:00";0.083
"cpu_usage_total.RAP";"2018-11-28T17:11:39+02:00";20.045
"cpu_usage_total.RAP";"2018-11-28T17:11:40+02:00";30.697
"cpu_usage_total.RAP";"2018-11-28T17:11:42+02:00";44.081
"cpu_usage_total.RAP";"2018-11-28T17:11:44+02:00";37.081
"cpu_usage_total.RAP";"2018-11-28T17:11:46+02:00";53.414
"cpu_usage_total.RAP";"2018-11-28T17:11:47+02:00";73.188
"cpu_usage_total.RAP";"2018-11-28T17:11:49+02:00";73.774
"cpu_usage_total.RAP";"2018-11-28T17:11:50+02:00";79.45
"cpu_usage_total.RAP";"2018-11-28T17:11:52+02:00";62.352
"cpu_usage_total.RAP";"2018-11-28T17:11:53+02:00";44.257
"cpu_usage_total.RAP";"2018-11-28T17:11:55+02:00";28.568
"cpu_usage_total.RAP";"2018-11-28T17:11:56+02:00";26.679
"cpu_usage_total.RAP";"2018-11-28T17:11:57+02:00";0.085
"cpu_usage_total.RAP";"2018-11-28T17:11:59+02:00";25.51
"cpu_usage_total.RAP";"2018-11-28T17:12:00+02:00";30.358
"cpu_usage_total.RAP";"2018-11-28T17:12:01+02:00";28.78
"cpu_usage_total.RAP";"2018-11-28T17:12:03+02:00";31.356
"cpu_usage_total.RAP";"2018-11-28T17:12:04+02:00";41.593
"cpu_usage_total.RAP";"2018-11-28T17:12:06+02:00";44.161
"cpu_usage_total.RAP";"2018-11-28T17:12:07+02:00";75.275
"cpu_usage_total.RAP";"2018-11-28T17:12:09+02:00";69.206
"cpu_usage_total.RAP";"2018-11-28T17:12:10+02:00";76.525
"cpu_usage_total.RAP";"2018-11-28T17:12:11+02:00";62.445
"cpu_usage_total.RAP";"2018-11-28T17:12:13+02:00";41.576
"cpu_usage_total.RAP";"2018-11-28T17:12:14+02:00";34.183
"cpu_usage_total.RAP";"2018-11-28T17:12:16+02:00";29.771
"cpu_usage_total.RAP";"2018-11-28T17:12:18+02:00";19.107
"cpu_usage_total.RAP";"2018-11-28T17:12:20+02:00";2.604
"cpu_usage_total.RAP";"2018-11-28T17:12:22+02:00";15.414
"cpu_usage_total.RAP";"2018-11-28T17:12:23+02:00";42.203
"cpu_usage_total.RAP";"2018-11-28T17:12:25+02:00";42.793
"cpu_usage_total.RAP";"2018-11-28T17:12:27+02:00";42.759
"cpu_usage_total.RAP";"2018-11-28T17:12:28+02:00";38.575
"cpu_usage_total.RAP";"2018-11-28T17:12:30+02:00";41.579
"cpu_usage_total.RAP";"2018-11-28T17:12:31+02:00";74.925
"cpu_usage_total.RAP";"2018-11-28T17:12:32+02:00";57.515
"cpu_usage_total.RAP";"2018-11-28T17:12:34+02:00";36.46
"cpu_usage_total.RAP";"2018-11-28T17:12:35+02:00";31.134
"cpu_usage_total.RAP";"2018-11-28T17:12:37+02:00";44.83
"cpu_usage_total.RAP";"2018-11-28T17:12:38+02:00";85.741
"cpu_usage_total.RAP";"2018-11-28T17:12:40+02:00";86.902
"cpu_usage_total.RAP";"2018-11-28T17:12:41+02:00";30.733
"cpu_usage_total.RAP";"2018-11-28T17:12:43+02:00";0.087
"cpu_usage_total.RAP";"2018-11-28T17:12:44+02:00";0.134
"cpu_usage_total.RAP";"2018-11-28T17:12:46+02:00";0.103
"cpu_usage_total.RAP";"2018-11-28T17:12:47+02:00";0.149
"cpu_usage_total.RAP";"2018-11-28T17:12:49+02:00";26.619
"cpu_usage_total.RAP";"2018-11-28T17:12:50+02:00";0.084
"cpu_usage_total.RAP";"2018-11-28T17:12:52+02:00";5.859
"cpu_usage_total.RAP";"2018-11-28T17:12:53+02:00";41.505
"cpu_usage_total.RAP";"2018-11-28T17:12:55+02:00";33.404
"cpu_usage_total.RAP";"2018-11-28T17:12:56+02:00";29.207
"cpu_usage_total.RAP";"2018-11-28T17:12:58+02:00";70.941
"cpu_usage_total.RAP";"2018-11-28T17:12:59+02:00";74.502
"cpu_usage_total.RAP";"2018-11-28T17:13:00+02:00";75.116
"cpu_usage_total.RAP";"2018-11-28T17:13:01+02:00";57.29
"cpu_usage_total.RAP";"2018-11-28T17:13:03+02:00";59.411
"cpu_usage_total.RAP";"2018-11-28T17:13:04+02:00";29.477
"cpu_usage_total.RAP";"2018-11-28T17:13:05+02:00";29.564
"cpu_usage_total.RAP";"2018-11-28T17:13:07+02:00";41.107
"cpu_usage_total.RAP";"2018-11-28T17:13:08+02:00";39.577
"cpu_usage_total.RAP";"2018-11-28T17:13:10+02:00";28.509
"cpu_usage_total.RAP";"2018-11-28T17:13:11+02:00";2.349
"cpu_usage_total.RAP";"2018-11-28T17:13:13+02:00";0.08
"cpu_usage_total.RAP";"2018-11-28T17:13:14+02:00";0.083
"cpu_usage_total.RAP";"2018-11-28T17:13:16+02:00";0.086
"cpu_usage_total.RAP";"2018-11-28T17:13:17+02:00";0.133
"cpu_usage_total.RAP";"2018-11-28T17:13:18+02:00";0.097
"cpu_usage_total.RAP";"2018-11-28T17:13:20+02:00";27.197
"cpu_usage_total.RAP";"2018-11-28T17:13:21+02:00";11.369
"cpu_usage_total.RAP";"2018-11-28T17:13:23+02:00";1.814
"cpu_usage_total.RAP";"2018-11-28T17:13:24+02:00";9.318
"cpu_usage_total.RAP";"2018-11-28T17:13:26+02:00";19.908
"cpu_usage_total.RAP";"2018-11-28T17:13:28+02:00";44.283
"cpu_usage_total.RAP";"2018-11-28T17:13:29+02:00";34.21
"cpu_usage_total.RAP";"2018-11-28T17:13:31+02:00";37.88
"cpu_usage_total.RAP";"2018-11-28T17:13:32+02:00";67.711
"cpu_usage_total.RAP";"2018-11-28T17:13:34+02:00";47.644
"cpu_usage_total.RAP";"2018-11-28T17:13:35+02:00";68.419
"cpu_usage_total.RAP";"2018-11-28T17:13:37+02:00";69.876
"cpu_usage_total.RAP";"2018-11-28T17:13:38+02:00";55.711
"cpu_usage_total.RAP";"2018-11-28T17:13:40+02:00";36.424
"cpu_usage_total.RAP";"2018-11-28T17:13:41+02:00";39.378
"cpu_usage_total.RAP";"2018-11-28T17:13:42+02:00";27.027
"cpu_usage_total.RAP";"2018-11-28T17:13:44+02:00";0.076
"cpu_usage_total.RAP";"2018-11-28T17:13:45+02:00";4.327
"cpu_usage_total.RAP";"2018-11-28T17:13:46+02:00";27.45
"cpu_usage_total.RAP";"2018-11-28T17:13:48+02:00";29.286
"cpu_usage_total.RAP";"2018-11-28T17:13:49+02:00";43.394
"cpu_usage_total.RAP";"2018-11-28T17:13:51+02:00";70.099
"cpu_usage_total.RAP";"2018-11-28T17:13:53+02:00";79.825
"cpu_usage_total.RAP";"2018-11-28T17:13:54+02:00";44.466
"cpu_usage_total.RAP";"2018-11-28T17:13:56+02:00";66.854
"cpu_usage_total.RAP";"2018-11-28T17:13:57+02:00";63.029
"cpu_usage_total.RAP";"2018-11-28T17:13:58+02:00";73.137
"cpu_usage_total.RAP";"2018-11-28T17:14:00+02:00";43.095
"cpu_usage_total.RAP";"2018-11-28T17:14:01+02:00";39.171
"cpu_usage_total.RAP";"2018-11-28T17:14:02+02:00";51.536
"cpu_usage_total.RAP";"2018-11-28T17:14:04+02:00";28.714
"cpu_usage_total.RAP";"2018-11-28T17:14:06+02:00";27.815
"cpu_usage_total.RAP";"2018-11-28T17:14:07+02:00";8.772
"cpu_usage_total.RAP";"2018-11-28T17:14:08+02:00";27.738
"cpu_usage_total.RAP";"2018-11-28T17:14:10+02:00";31.416
"cpu_usage_total.RAP";"2018-11-28T17:14:11+02:00";43.718
"cpu_usage_total.RAP";"2018-11-28T17:14:12+02:00";44.169
"cpu_usage_total.RAP";"2018-11-28T17:14:13+02:00";48.83
"cpu_usage_total.RAP";"2018-11-28T17:14:16+02:00";54.384
"cpu_usage_total.RAP";"2018-11-28T17:14:18+02:00";77.574
"cpu_usage_total.RAP";"2018-11-28T17:14:20+02:00";67.555
"cpu_usage_total.RAP";"2018-11-28T17:14:22+02:00";53.769
"cpu_usage_total.RAP";"2018-11-28T17:14:23+02:00";38.124
"cpu_usage_total.RAP";"2018-11-28T17:14:25+02:00";28.428
"cpu_usage_total.RAP";"2018-11-28T17:14:27+02:00";66.169
"cpu_usage_total.RAP";"2018-11-28T17:14:28+02:00";0.099
"cpu_usage_total.RAP";"2018-11-28T17:14:29+02:00";0.1
"cpu_usage_total.RAP";"2018-11-28T17:14:31+02:00";0.141
"cpu_usage_total.RAP";"2018-11-28T17:14:32+02:00";0.078
"cpu_usage_total.RAP";"2018-11-28T17:14:33+02:00";0.085
"cpu_usage_total.RAP";"2018-11-28T17:14:34+02:00";7.081
"cpu_usage_total.RAP";"2018-11-28T17:14:35+02:00";22.148
"cpu_usage_total.RAP";"2018-11-28T17:14:37+02:00";4.614
"cpu_usage_total.RAP";"2018-11-28T17:14:38+02:00";25.107
"cpu_usage_total.RAP";"2018-11-28T17:14:40+02:00";36.815
"cpu_usage_total.RAP";"2018-11-28T17:14:42+02:00";43.467
"cpu_usage_total.RAP";"2018-11-28T17:14:44+02:00";33.247
"cpu_usage_total.RAP";"2018-11-28T17:14:45+02:00";34.228
"cpu_usage_total.RAP";"2018-11-28T17:14:46+02:00";70.617
"cpu_usage_total.RAP";"2018-11-28T17:14:48+02:00";85.603
"cpu_usage_total.RAP";"2018-11-28T17:14:49+02:00";68.347
"cpu_usage_total.RAP";"2018-11-28T17:14:51+02:00";64.029
"cpu_usage_total.RAP";"2018-11-28T17:14:52+02:00";47.477
"cpu_usage_total.RAP";"2018-11-28T17:14:54+02:00";29.785
"cpu_usage_total.RAP";"2018-11-28T17:14:56+02:00";24.121
"cpu_usage_total.RAP";"2018-11-28T17:14:58+02:00";7.04
"cpu_usage_total.RAP";"2018-11-28T17:14:59+02:00";8.43
"cpu_usage_total.RAP";"2018-11-28T17:15:00+02:00";37.694
"cpu_usage_total.RAP";"2018-11-28T17:15:01+02:00";44.097
"cpu_usage_total.RAP";"2018-11-28T17:15:03+02:00";42.847
"cpu_usage_total.RAP";"2018-11-28T17:15:04+02:00";28.41
"cpu_usage_total.RAP";"2018-11-28T17:15:06+02:00";28.265
"cpu_usage_total.RAP";"2018-11-28T17:15:07+02:00";41.011
"cpu_usage_total.RAP";"2018-11-28T17:15:09+02:00";67.429
"cpu_usage_total.RAP";"2018-11-28T17:15:10+02:00";75.592
"cpu_usage_total.RAP";"2018-11-28T17:15:12+02:00";66.539
"cpu_usage_total.RAP";"2018-11-28T17:15:14+02:00";28.089
"cpu_usage_total.RAP";"2018-11-28T17:15:15+02:00";26.72
"cpu_usage_total.RAP";"2018-11-28T17:15:17+02:00";19.267
"cpu_usage_total.RAP";"2018-11-28T17:15:18+02:00";0.134
"cpu_usage_total.RAP";"2018-11-28T17:15:19+02:00";0.083
"cpu_usage_total.RAP";"2018-11-28T17:15:20+02:00";0.154
"cpu_usage_total.RAP";"2018-11-28T17:15:22+02:00";0.075
"cpu_usage_total.RAP";"2018-11-28T17:15:24+02:00";0.089
"cpu_usage_total.RAP";"2018-11-28T17:15:25+02:00";0.077
"cpu_usage_total.RAP";"2018-11-28T17:15:26+02:00";0.087
"cpu_usage_total.RAP";"2018-11-28T17:15:28+02:00";18.264
"cpu_usage_total.RAP";"2018-11-28T17:15:29+02:00";0.845
"cpu_usage_total.RAP";"2018-11-28T17:15:30+02:00";5.82
"cpu_usage_total.RAP";"2018-11-28T17:15:31+02:00";32.215
"cpu_usage_total.RAP";"2018-11-28T17:15:33+02:00";30.285
"cpu_usage_total.RAP";"2018-11-28T17:15:34+02:00";28.913
"cpu_usage_total.RAP";"2018-11-28T17:15:36+02:00";32.868
"cpu_usage_total.RAP";"2018-11-28T17:15:37+02:00";43.602
"cpu_usage_total.RAP";"2018-11-28T17:15:38+02:00";51.415
"cpu_usage_total.RAP";"2018-11-28T17:15:40+02:00";75.15
"cpu_usage_total.RAP";"2018-11-28T17:15:42+02:00";64.986
"cpu_usage_total.RAP";"2018-11-28T17:15:43+02:00";54.399
"cpu_usage_total.RAP";"2018-11-28T17:15:45+02:00";30.477
"cpu_usage_total.RAP";"2018-11-28T17:15:46+02:00";32.653
"cpu_usage_total.RAP";"2018-11-28T17:15:47+02:00";15.887
"cpu_usage_total.RAP";"2018-11-28T17:15:49+02:00";0.128
"cpu_usage_total.RAP";"2018-11-28T17:15:51+02:00";0.119
"cpu_usage_total.RAP";"2018-11-28T17:15:52+02:00";0.106
"cpu_usage_total.RAP";"2018-11-28T17:15:53+02:00";0.089
"cpu_usage_total.RAP";"2018-11-28T17:15:54+02:00";0.065
"cpu_usage_total.RAP";"2018-11-28T17:15:55+02:00";0.084
"cpu_usage_total.RAP";"2018-11-28T17:15:57+02:00";0.096
"cpu_usage_total.RAP";"2018-11-28T17:15:58+02:00";0.087
"cpu_usage_total.RAP";"2018-11-28T17:16:00+02:00";0.077
"cpu_usage_total.RAP";"2018-11-28T17:16:01+02:00";0.14
"cpu_usage_total.RAP";"2018-11-28T17:16:03+02:00";0.105
"cpu_usage_total.RAP";"2018-11-28T17:16:05+02:00";0.11
"cpu_usage_total.RAP";"2018-11-28T17:16:06+02:00";0.111
"cpu_usage_total.RAP";"2018-11-28T17:16:08+02:00";0.102
"cpu_usage_total.RAP";"2018-11-28T17:16:10+02:00";0.076
"cpu_usage_total.RAP";"2018-11-28T17:16:11+02:00";0.127
"cpu_usage_total.RAP";"2018-11-28T17:16:12+02:00";0.079
"cpu_usage_total.RAP";"2018-11-28T17:16:13+02:00";0.062